{
  "n_cnn_blocks": 3,
  "cnn_first": 24,
  "kernel_size": 7,
  "cnn_dropout": 0.10382179541833388,
  "lstm_hidden": 48,
  "lstm_layers": 1,
  "head_hidden": 32,
  "head_dropout": 0.49795880412672494,
  "lr": 0.0029455020948035288
}