{
  "config": {
    "window": 60,
    "stride": 30,
    "n_splits": 5,
    "epochs": 12,
    "batch_size": 512,
    "patience": 3,
    "seed": 42,
    "latency_warmup": 50,
    "latency_iters": 200,
    "torch_threads": 4
  },
  "best_params": {
    "n_cnn_blocks": 3,
    "cnn_first": 16,
    "kernel_size": 5,
    "cnn_dropout": 0.20027968126905468,
    "lstm_hidden": 16,
    "lstm_layers": 2,
    "head_hidden": 16,
    "head_dropout": 0.4024646756450459,
    "lr": 0.001649184589567592,
    "weight_decay": 0.0015862776574507062
  },
  "n_params": 30657,
  "data": {
    "n_samples": 40613,
    "n_patients": 25,
    "afib_rate": 0.43550094797232414
  },
  "variants": {
    "fp32": {
      "name": "fp32",
      "auroc": 0.9586596238572918,
      "auprc": 0.9428242934001185,
      "threshold": 0.5,
      "f1": 0.8813461285657946,
      "sensitivity": 0.9476451631141516,
      "specificity": 0.843540085492454,
      "accuracy": 0.8888779454854357,
      "mean_patient_f1": 0.6799009535650291,
      "n_patients_scored": 23,
      "size_kb_mean": 133.4140625,
      "latency_ms_p50": 0.3247103973990306,
      "latency_ms_p95": 0.42450774664757773,
      "latency_ms_mean": 0.33536600512161385,
      "sparsity": 0.0,
      "elapsed_s": 0.718508243560791
    },
    "int8_dynamic": {
      "name": "int8_dynamic",
      "auroc": 0.9587595419415282,
      "auprc": 0.9430085798694403,
      "threshold": 0.5,
      "f1": 0.8814004836505099,
      "sensitivity": 0.947927856617855,
      "specificity": 0.8433656110965716,
      "accuracy": 0.8889025681432053,
      "mean_patient_f1": 0.679819307298766,
      "n_patients_scored": 23,
      "size_kb_mean": 86.83984375,
      "latency_ms_p50": 0.44738520082319155,
      "latency_ms_p95": 0.48471452042576857,
      "latency_ms_mean": 0.45330268239194993,
      "sparsity": 0.0,
      "elapsed_s": 0.9357974529266357
    },
    "prune30": {
      "name": "prune30",
      "auroc": 0.9586932508944525,
      "auprc": 0.9429064789057707,
      "threshold": 0.5,
      "f1": 0.8805610802889144,
      "sensitivity": 0.951207101260813,
      "specificity": 0.8385675652098055,
      "accuracy": 0.8876221899391821,
      "mean_patient_f1": 0.6777524295256485,
      "n_patients_scored": 23,
      "size_kb_mean": 133.4140625,
      "latency_ms_p50": 0.3212600975530222,
      "latency_ms_p95": 0.3723055629234295,
      "latency_ms_mean": 0.3266552001150558,
      "sparsity": 0.29997016706443913,
      "elapsed_s": 0.6798298358917236
    },
    "prune50": {
      "name": "prune50",
      "auroc": 0.9525537364147619,
      "auprc": 0.9339931696021776,
      "threshold": 0.5,
      "f1": 0.8744001060585974,
      "sensitivity": 0.9322666365126929,
      "specificity": 0.8456337782430429,
      "accuracy": 0.8833624701450274,
      "mean_patient_f1": 0.678407046336593,
      "n_patients_scored": 23,
      "size_kb_mean": 133.4140625,
      "latency_ms_p50": 0.3239043027861044,
      "latency_ms_p95": 0.35257763593108393,
      "latency_ms_mean": 0.32822116624447517,
      "sparsity": 0.5,
      "elapsed_s": 0.6731443405151367
    },
    "prune70": {
      "name": "prune70",
      "auroc": 0.9242143020757081,
      "auprc": 0.9012191231297239,
      "threshold": 0.5,
      "f1": 0.8164270128126224,
      "sensitivity": 0.8250127212076667,
      "specificity": 0.8487743173689261,
      "accuracy": 0.8384261197153621,
      "mean_patient_f1": 0.5942164605742337,
      "n_patients_scored": 23,
      "size_kb_mean": 133.4140625,
      "latency_ms_p50": 0.3178791026584804,
      "latency_ms_p95": 0.3354984770703595,
      "latency_ms_mean": 0.31915086884691846,
      "sparsity": 0.7000298329355609,
      "elapsed_s": 0.668198823928833
    },
    "prune50_int8": {
      "name": "prune50_int8",
      "auroc": 0.9525586427981314,
      "auprc": 0.9340263633926396,
      "threshold": 0.5,
      "f1": 0.8745263269470281,
      "sensitivity": 0.9329451009215808,
      "specificity": 0.8451975922533368,
      "accuracy": 0.8834117154605668,
      "mean_patient_f1": 0.6782053036975343,
      "n_patients_scored": 23,
      "size_kb_mean": 86.83984375,
      "latency_ms_p50": 0.443351999274455,
      "latency_ms_p95": 0.4833852832962292,
      "latency_ms_mean": 0.44998622995626647,
      "sparsity": 0.5127018633540372,
      "elapsed_s": 0.9498045444488525
    },
    "prune70_finetune": {
      "name": "prune70_finetune",
      "auroc": 0.9520625136029142,
      "auprc": 0.9303131806608987,
      "threshold": 0.5,
      "f1": 0.8781438466197888,
      "sensitivity": 0.9426132187482331,
      "specificity": 0.842449620518189,
      "accuracy": 0.8860709624996922,
      "mean_patient_f1": 0.6821478060821611,
      "n_patients_scored": 23,
      "size_kb_mean": 133.4140625,
      "latency_ms_p50": 0.3141315988614224,
      "latency_ms_p95": 0.33134410667116754,
      "latency_ms_mean": 0.31661552023433615,
      "sparsity": 0.7000298329355609,
      "elapsed_s": 18.608952522277832
    },
    "onnx_fp32": {
      "name": "onnx_fp32",
      "auroc": 0.9586596176919445,
      "auprc": 0.9428242561778368,
      "threshold": 0.5,
      "f1": 0.8813461285657946,
      "sensitivity": 0.9476451631141516,
      "specificity": 0.843540085492454,
      "accuracy": 0.8888779454854357,
      "mean_patient_f1": 0.6799009535650291,
      "n_patients_scored": 23,
      "size_kb_mean": 184.43359375,
      "latency_ms_p50": 0.04654340009437874,
      "latency_ms_p95": 0.04967050947016105,
      "latency_ms_mean": 0.04690834395296406,
      "sparsity": 0.0,
      "elapsed_s": 8.53851842880249,
      "onnx_max_abs_vs_torch_mean": 2.682209014892578e-07
    }
  },
  "targets_plan": {
    "size_kb_max": 200.0,
    "latency_ms_max": 50.0,
    "f1_patient_min": 0.95,
    "auroc_min": 0.98
  }
}