{
  "config": {
    "window": 60,
    "stride": 30,
    "n_splits": 5,
    "epochs_source": 12,
    "epochs_scratch": 12,
    "epochs_finetune": 6,
    "batch_size": 512,
    "patience": 3,
    "seed": 42,
    "n_params": 30657
  },
  "best_params": {
    "n_cnn_blocks": 3,
    "cnn_first": 16,
    "kernel_size": 5,
    "cnn_dropout": 0.20027968126905468,
    "lstm_hidden": 16,
    "lstm_layers": 2,
    "head_hidden": 16,
    "head_dropout": 0.4024646756450459,
    "lr": 0.001649184589567592,
    "weight_decay": 0.0015862776574507062
  },
  "datasets": {
    "afdb": {
      "n_samples": 40613,
      "n_patients": 25,
      "afib_rate": 0.43550094797232414
    },
    "ltafdb": {
      "n_samples": 299727,
      "n_patients": 84,
      "afib_rate": 0.5809920360861718
    }
  },
  "configurations": {
    "afdb_internal_fold0": {
      "auroc": 0.9364442914910092,
      "auprc": 0.9013942414990768,
      "threshold": 0.5,
      "f1": 0.8345716451857468,
      "sensitivity": 0.8480739599383668,
      "specificity": 0.8785786802030456,
      "accuracy": 0.8664626682986536,
      "mean_patient_f1": 0.6679557412767152,
      "n_patients_scored": 5
    },
    "ltafdb_zero_shot": {
      "auroc": 0.9702417598706594,
      "auprc": 0.9675091674346782,
      "threshold": 0.5,
      "f1": 0.9446929816014454,
      "sensitivity": 0.9743538207983278,
      "specificity": 0.8773688568971558,
      "accuracy": 0.9337163485438416,
      "mean_patient_f1": 0.7125749530813464,
      "n_patients_scored": 62
    },
    "ltafdb_scratch_5fold": {
      "auroc": 0.9786619972886507,
      "auprc": 0.9793280301960127,
      "threshold": 0.5,
      "f1": 0.955881098479894,
      "sensitivity": 0.9652346688564882,
      "specificity": 0.924658406854158,
      "accuracy": 0.9482328919316578,
      "mean_patient_f1": 0.7652809144222562,
      "n_patients_scored": 62
    },
    "ltafdb_finetuned_5fold": {
      "auroc": 0.9702678325057653,
      "auprc": 0.9549205385341889,
      "threshold": 0.5,
      "f1": 0.9527571050537993,
      "sensitivity": 0.9696851365862903,
      "specificity": 0.9086935057489569,
      "accuracy": 0.9441291575333554,
      "mean_patient_f1": 0.7438650722065464,
      "n_patients_scored": 62
    }
  },
  "per_patient_f1": {
    "ltafdb_zero_shot": {
      "00": 0.7442949093036864,
      "01": 0.932934131736527,
      "03": 0.5359801488833746,
      "05": 0.0,
      "06": 0.5373608903020668,
      "07": 0.7134578235672892,
      "08": 0.07142857142857142,
      "10": 0.9831006612784717,
      "100": 0.5177228786251342,
      "101": 0.8022151898734177,
      "102": 0.8526785714285714,
      "103": 0.7706559839759639,
      "104": 0.36363636363636365,
      "105": 0.9233480176211454,
      "110": 0.7709320695102686,
      "111": 0.9045963692545385,
      "112": 0.8502125531382846,
      "113": 0.9288486416558862,
      "114": 0.3533834586466165,
      "115": 0.9524281466798811,
      "116": 0.34285714285714286,
      "117": 0.9967707212055974,
      "118": 0.8617528419508618,
      "119": 0.745269286754003,
      "120": 0.09359605911330049,
      "121": 0.7597014925373134,
      "122": 0.9795060430898581,
      "13": 0.8,
      "15": 0.9973474801061007,
      "16": 0.2695417789757412,
      "19": 0.10285714285714286,
      "21": 0.9916928189034521,
      "22": 0.13525179856115108,
      "23": 0.7169143665958952,
      "24": 0.09433962264150944,
      "26": 0.9727001605872907,
      "28": 0.9627749576988156,
      "32": 0.23880597014925373,
      "33": 0.9571873378308251,
      "34": 0.9868494998314038,
      "35": 0.8415300546448088,
      "37": 0.015810276679841896,
      "38": 0.4915254237288136,
      "39": 0.8806857942617214,
      "42": 0.9026988636363636,
      "45": 0.8819018404907976,
      "47": 0.018957345971563982,
      "51": 0.8929384965831435,
      "53": 0.7131608548931384,
      "54": 0.9956786985256736,
      "55": 0.9610244988864143,
      "56": 0.8729885057471264,
      "58": 0.8875562218890555,
      "60": 0.9905794296038198,
      "64": 0.3748320644872369,
      "68": 0.9960310897965934,
      "69": 0.9954289358987988,
      "70": 0.9955388588870627,
      "71": 0.9938591210114389,
      "72": 0.983923578751165,
      "74": 0.9811443433029909,
      "75": 0.9969208905731881
    },
    "ltafdb_scratch_5fold": {
      "00": 0.8123393316195373,
      "01": 0.9636209813874789,
      "03": 0.6126126126126126,
      "05": 0.0,
      "06": 0.5685950413223141,
      "07": 0.7695852534562212,
      "08": 0.13114754098360656,
      "10": 0.9795386904761905,
      "100": 0.6838709677419355,
      "101": 0.9186155285313377,
      "102": 0.9629629629629629,
      "103": 0.8486283247458571,
      "104": 0.8076923076923077,
      "105": 0.9550045913682277,
      "110": 0.8819444444444444,
      "111": 0.8592174263816055,
      "112": 0.8048257372654155,
      "113": 0.960328317373461,
      "114": 0.5411764705882353,
      "115": 0.9014133659047286,
      "116": 0.5514705882352942,
      "117": 0.9965502371711945,
      "118": 0.9341269841269841,
      "119": 0.8168316831683168,
      "120": 0.11532125205930807,
      "121": 0.8848920863309353,
      "122": 0.9711538461538461,
      "13": 0.8136775994417307,
      "15": 0.9982332155477032,
      "16": 0.49142857142857144,
      "19": 0.2727272727272727,
      "21": 0.9948453608247423,
      "22": 0.1480865224625624,
      "23": 0.9385582970488631,
      "24": 0.1724137931034483,
      "26": 0.9668904839083121,
      "28": 0.9696969696969697,
      "32": 0.36619718309859156,
      "33": 0.980466768138001,
      "34": 0.9818099649757089,
      "35": 0.9120409906063194,
      "37": 0.013422818791946308,
      "38": 0.6477272727272727,
      "39": 0.8792439621981099,
      "42": 0.924834193072955,
      "45": 0.9074818986323411,
      "47": 0.07407407407407407,
      "51": 0.9043062200956937,
      "53": 0.818297331639136,
      "54": 0.991583779648049,
      "55": 0.981651376146789,
      "56": 0.97131931166348,
      "58": 0.8622319156670302,
      "60": 0.9857512953367875,
      "64": 0.30557499416841616,
      "68": 0.9927830775611779,
      "69": 0.9961750956226094,
      "70": 0.986145648312611,
      "71": 0.9966378482228626,
      "72": 0.9877905611645926,
      "74": 0.987227162489895,
      "75": 0.9926172898309121
    },
    "ltafdb_finetuned_5fold": {
      "00": 0.7695121951219512,
      "01": 0.9613051662832044,
      "03": 0.624633431085044,
      "05": 0.0,
      "06": 0.4393358876117497,
      "07": 0.7520476545048399,
      "08": 0.06315789473684211,
      "10": 0.9843086579287429,
      "100": 0.6645865834633385,
      "101": 0.8868940754039497,
      "102": 0.9388753056234719,
      "103": 0.8217344753747323,
      "104": 0.8652482269503546,
      "105": 0.9562841530054644,
      "110": 0.8013245033112583,
      "111": 0.8645833333333334,
      "112": 0.8289644432909421,
      "113": 0.9636608344549125,
      "114": 0.4742268041237113,
      "115": 0.9301302656064964,
      "116": 0.3965014577259475,
      "117": 0.9963401506996771,
      "118": 0.9091614906832298,
      "119": 0.7926634768740032,
      "120": 0.10719754977029096,
      "121": 0.7932421560740145,
      "122": 0.9702660406885759,
      "13": 0.7804551539491299,
      "15": 0.9984101748807631,
      "16": 0.40358744394618834,
      "19": 0.10909090909090909,
      "21": 0.9918849133161195,
      "22": 0.13576642335766423,
      "23": 0.9470134874759152,
      "24": 0.1724137931034483,
      "26": 0.9731096299701218,
      "28": 0.9724375538329026,
      "32": 0.26855123674911663,
      "33": 0.982016210739615,
      "34": 0.9886656940859612,
      "35": 0.8812448812448812,
      "37": 0.00904977375565611,
      "38": 0.5152838427947598,
      "39": 0.8719124911785462,
      "42": 0.9400299850074962,
      "45": 0.8957345971563981,
      "47": 0.03773584905660377,
      "51": 0.8590308370044053,
      "53": 0.7602905569007264,
      "54": 0.994281357224552,
      "55": 0.9656338028169014,