{
  "config": {
    "window": 60,
    "stride": 30,
    "n_splits": 5,
    "epochs": 12,
    "batch_size": 512,
    "patience": 3,
    "seed": 42,
    "latency_warmup": 50,
    "latency_iters": 200,
    "torch_threads": 4
  },
  "best_params": {
    "n_cnn_blocks": 3,
    "cnn_first": 24,
    "kernel_size": 7,
    "cnn_dropout": 0.10382179541833388,
    "lstm_hidden": 48,
    "lstm_layers": 1,
    "head_hidden": 32,
    "head_dropout": 0.49795880412672494,
    "lr": 0.0029455020948035288
  },
  "n_params": 100193,
  "data": {
    "n_samples": 40613,
    "n_patients": 25,
    "afib_rate": 0.43550094797232414
  },
  "variants": {
    "fp32": {
      "name": "fp32",
      "auroc": 0.9714216498221734,
      "auprc": 0.9599956810396082,
      "threshold": 0.5,
      "f1": 0.8944197584712265,
      "sensitivity": 0.9275173856504777,
      "specificity": 0.8869842100671727,
      "accuracy": 0.9046364464580307,
      "mean_patient_f1": 0.7165144391299184,
      "n_patients_scored": 23,
      "size_kb_mean": 403.375,
      "latency_ms_p50": 0.2694507988053374,
      "latency_ms_p95": 0.2969057696464006,
      "latency_ms_mean": 0.2726834189379588,
      "sparsity": 0.0,
      "elapsed_s": 0.81398606300354
    },
    "int8_dynamic": {
      "name": "int8_dynamic",
      "auroc": 0.9714201393120886,
      "auprc": 0.95998272259949,
      "threshold": 0.5,
      "f1": 0.8945159180113389,
      "sensitivity": 0.9277435404534404,
      "specificity": 0.886940591468202,
      "accuracy": 0.9047103144313398,
      "mean_patient_f1": 0.7164702604053342,
      "n_patients_scored": 23,
      "size_kb_mean": 234.55078125,
      "latency_ms_p50": 0.33632460254011676,
      "latency_ms_p95": 0.36636469842051156,
      "latency_ms_mean": 0.3394235469022533,
      "sparsity": 0.0,
      "elapsed_s": 0.9835329055786133
    },
    "prune30": {
      "name": "prune30",
      "auroc": 0.971093431394119,
      "auprc": 0.9595083714895571,
      "threshold": 0.5,
      "f1": 0.8937922758018765,
      "sensitivity": 0.9263866116356646,
      "specificity": 0.886940591468202,
      "accuracy": 0.9041193706448674,
      "mean_patient_f1": 0.7144997857202346,
      "n_patients_scored": 23,
      "size_kb_mean": 403.375,
      "latency_ms_p50": 0.2682862017536536,
      "latency_ms_p95": 0.3149047477927524,
      "latency_ms_mean": 0.27510317508131266,
      "sparsity": 0.3000091759955955,
      "elapsed_s": 0.84047532081604
    },
    "prune50": {
      "name": "prune50",
      "auroc": 0.9691105200696827,
      "auprc": 0.9569029920725861,
      "threshold": 0.5,
      "f1": 0.897134726445889,
      "sensitivity": 0.9090292305082829,
      "specificity": 0.909360551339091,
      "accuracy": 0.9092162608031911,
      "mean_patient_f1": 0.7023506330986716,
      "n_patients_scored": 23,
      "size_kb_mean": 403.375,
      "latency_ms_p50": 0.2762186006293632,
      "latency_ms_p95": 0.29894693187088706,
      "latency_ms_mean": 0.27903870900627226,
      "sparsity": 0.5,
      "elapsed_s": 0.8220422267913818
    },
    "prune70": {
      "name": "prune70",
      "auroc": 0.9615378052609558,
      "auprc": 0.9480281249696431,
      "threshold": 0.5,
      "f1": 0.8783610755441741,
      "sensitivity": 0.9114603946401312,
      "specificity": 0.8735496815842275,
      "accuracy": 0.8900598330583803,
      "mean_patient_f1": 0.659534085496,
      "n_patients_scored": 23,
      "size_kb_mean": 403.375,
      "latency_ms_p50": 0.27518579736351967,
      "latency_ms_p95": 0.29554700551670976,
      "latency_ms_mean": 0.277341611974407,
      "sparsity": 0.6999908240044045,
      "elapsed_s": 0.831761360168457
    },
    "prune50_int8": {
      "name": "prune50_int8",
      "auroc": 0.9690991893944425,
      "auprc": 0.9568919445448762,
      "threshold": 0.5,
      "f1": 0.8970403637479427,
      "sensitivity": 0.9090857692090236,
      "specificity": 0.909142458344238,
      "accuracy": 0.9091177701721124,
      "mean_patient_f1": 0.7019762864973017,
      "n_patients_scored": 23,
      "size_kb_mean": 234.55078125,
      "latency_ms_p50": 0.3355358014232479,
      "latency_ms_p95": 0.47201963840052485,
      "latency_ms_mean": 0.35898295302467886,
      "sparsity": 0.5133619837976684,
      "elapsed_s": 1.0197315216064453
    },
    "prune70_finetune": {
      "name": "prune70_finetune",
      "auroc": 0.9671364658831556,
      "auprc": 0.9519217680029958,
      "threshold": 0.5,
      "f1": 0.8857764838565846,
      "sensitivity": 0.9547125007067337,
      "specificity": 0.8449794992584838,
      "accuracy": 0.8927683254130451,
      "mean_patient_f1": 0.7078644597488694,
      "n_patients_scored": 23,
      "size_kb_mean": 403.375,
      "latency_ms_p50": 0.26987480086972937,
      "latency_ms_p95": 0.30517840743414126,
      "latency_ms_mean": 0.2735366398410406,
      "sparsity": 0.6999908240044045,
      "elapsed_s": 27.789959192276
    },
    "onnx_fp32": {
      "name": "onnx_fp32",
      "auroc": 0.9714216448898956,
      "auprc": 0.9599956997776299,
      "threshold": 0.5,
      "f1": 0.8944197584712265,
      "sensitivity": 0.9275173856504777,
      "specificity": 0.8869842100671727,
      "accuracy": 0.9046364464580307,
      "mean_patient_f1": 0.7165144391299184,
      "n_patients_scored": 23,
      "size_kb_mean": 463.1240234375,
      "latency_ms_p50": 0.05441690009320155,
      "latency_ms_p95": 0.07288326902198602,
      "latency_ms_mean": 0.059528579615289345,
      "sparsity": 0.0,
      "elapsed_s": 7.680612564086914,
      "onnx_max_abs_vs_torch_mean": 2.5779008865356446e-07
    }
  },
  "targets_plan": {
    "size_kb_max": 200.0,
    "latency_ms_max": 50.0,
    "f1_patient_min": 0.95,
    "auroc_min": 0.98
  }
}